{"cameraMode":{"drawMode":0,"name":"Shaded","section":"Shading Mode"},"sceneLighting":true,"audioPlay":false,"sceneViewState":{"showFog":true,"showMaterialUpdate":false,"showSkybox":true,"showFlares":true,"showImageEffects":true,"showParticleSystems":true},"in2DMode":false,"pivot":{"x":348.2233581542969,"y":29.705322265625,"z":221.42044067382813},"rotation":{"x":0.2721046805381775,"y":-0.21423915028572083,"z":0.06227807700634003,"w":0.93604975938797},"size":33.23709487915039,"orthographic":false}